[
      {
        "mode": "NULLABLE",
        "name": "ssvid",
        "type": "STRING"
      },
      {
        "mode": "NULLABLE",
        "name": "gap_id",
        "type": "STRING"
      },
      {
        "mode": "NULLABLE",
        "name": "gap_start",
        "type": "TIMESTAMP"
      },
      {
        "mode": "NULLABLE",
        "name": "gap_end",
        "type": "TIMESTAMP"
      },
      {
        "mode": "NULLABLE",
        "name": "gap_hours",
        "type": "FLOAT"
      },
      {
        "mode": "NULLABLE",
        "name": "gap_distance_m",
        "type": "FLOAT"
      },
      {
        "mode": "NULLABLE",
        "name": "gap_implied_speed_knots",
        "type": "FLOAT"
      },
      {
        "mode": "NULLABLE",
        "name": "gap_start_seg_id",
        "type": "STRING"
      },
      {
        "mode": "NULLABLE",
        "name": "gap_start_msgid",
        "type": "STRING"
      },
      {
        "mode": "NULLABLE",
        "name": "gap_start_lat",
        "type": "FLOAT"
      },
      {
        "mode": "NULLABLE",
        "name": "gap_start_lon",
        "type": "FLOAT"
      },
      {
        "mode": "NULLABLE",
        "name": "gap_start_course",
        "type": "FLOAT"
      },
      {
        "mode": "NULLABLE",
        "name": "gap_start_speed_knots",
        "type": "FLOAT"
      },
      {
        "mode": "NULLABLE",
        "name": "gap_start_class",
        "type": "STRING"
      },
      {
        "mode": "NULLABLE",
        "name": "gap_start_receiver_type",
        "type": "STRING"
      },
      {
        "mode": "NULLABLE",
        "name": "gap_start_distance_from_shore_m",
        "type": "FLOAT"
      },
      {
        "mode": "NULLABLE",
        "name": "gap_start_distance_from_port_m",
        "type": "FLOAT"
      },
      {
        "mode": "REPEATED",
        "name": "gap_start_eez",
        "type": "STRING"
      },
      {
        "mode": "NULLABLE",
        "name": "gap_start_rfmo",
        "type": "STRING"
      },
      {
        "mode": "NULLABLE",
        "name": "gap_end_seg_id",
        "type": "STRING"
      },
      {
        "mode": "NULLABLE",
        "name": "gap_end_msgid",
        "type": "STRING"
      },
      {
        "mode": "NULLABLE",
        "name": "gap_end_lat",
        "type": "FLOAT"
      },
      {
        "mode": "NULLABLE",
        "name": "gap_end_lon",
        "type": "FLOAT"
      },
      {
        "mode": "NULLABLE",
        "name": "gap_end_course",
        "type": "FLOAT"
      },
      {
        "mode": "NULLABLE",
        "name": "gap_end_speed_knots",
        "type": "FLOAT"
      },
      {
        "mode": "NULLABLE",
        "name": "gap_end_class",
        "type": "STRING"
      },
      {
        "mode": "NULLABLE",
        "name": "gap_end_receiver_type",
        "type": "STRING"
      },
      {
        "mode": "NULLABLE",
        "name": "gap_end_distance_from_shore_m",
        "type": "FLOAT"
      },
      {
        "mode": "NULLABLE",
        "name": "gap_end_distance_from_port_m",
        "type": "FLOAT"
      },
      {
        "mode": "REPEATED",
        "name": "gap_end_eez",
        "type": "STRING"
      },
      {
        "mode": "NULLABLE",
        "name": "gap_end_rfmo",
        "type": "STRING"
      },
      {
        "mode": "NULLABLE",
        "name": "positions_6_hours_before",
        "type": "INTEGER"
      },
      {
        "mode": "NULLABLE",
        "name": "positions_12_hours_before",
        "type": "INTEGER"
      },
      {
        "mode": "NULLABLE",
        "name": "positions_18_hours_before",
        "type": "INTEGER"
      },
      {
        "mode": "NULLABLE",
        "name": "positions_24_hours_before",
        "type": "INTEGER"
      },
      {
        "mode": "NULLABLE",
        "name": "positions_6_hours_before_sat",
        "type": "INTEGER"
      },
      {
        "mode": "NULLABLE",
        "name": "positions_12_hours_before_sat",
        "type": "INTEGER"
      },
      {
        "mode": "NULLABLE",
        "name": "positions_18_hours_before_sat",
        "type": "INTEGER"
      },
      {
        "mode": "NULLABLE",
        "name": "positions_24_hours_before_sat",
        "type": "INTEGER"
      },
      {
        "mode": "NULLABLE",
        "name": "is_closed",
        "type": "BOOLEAN"
      }
]
